x,y,v
-14.539944,5.281207,2.010
-14.494666,5.302457,2.023
-14.449174,5.323247,2.037
-14.403476,5.343576,2.050
-14.357576,5.363448,2.063
-14.311483,5.382867,2.077
-14.265202,5.401835,2.090
-14.218741,5.420357,2.104
-14.172106,5.438435,2.117
-14.125303,5.456075,2.131
-14.078338,5.473279,2.145
-14.031218,5.490051,2.159
-13.983947,5.506397,2.173
-13.936533,5.522320,2.187
-13.888980,5.537824,2.201
-13.841294,5.552915,2.216
-13.793480,5.567595,2.231
-13.745544,5.581871,2.246
-13.697490,5.595746,2.261
-13.649324,5.609224,2.276
-13.601050,5.622311,2.292
-13.552672,5.635012,2.308
-13.504196,5.647329,2.324
-13.455625,5.659268,2.340
-13.406964,5.670832,2.357
-13.358216,5.682026,2.374
-13.309385,5.692855,2.391
-13.260476,5.703322,2.409
-13.211492,5.713433,2.427
-13.162437,5.723192,2.446
-13.113313,5.732604,2.465
-13.064126,5.741674,2.485
-13.014878,5.750407,2.505
-12.965571,5.758807,2.524
-12.916211,5.766882,2.544
-12.866798,5.774634,2.563
-12.817338,5.782071,2.582
-12.767831,5.789197,2.601
-12.718282,5.796018,2.620
-12.668692,5.802539,2.639
-12.619064,5.808766,2.658
-12.569401,5.814704,2.676
-12.519705,5.820359,2.694
-12.469979,5.825736,2.713
-12.420223,5.830840,2.731
-12.370441,5.835678,2.749
-12.320634,5.840253,2.766
-12.270804,5.844572,2.784
-12.220953,5.848640,2.802
-12.171082,5.852462,2.819
-12.121194,5.856044,2.837
-12.071289,5.859389,2.854
-12.021370,5.862505,2.871
-11.971437,5.865395,2.888
-11.921491,5.868065,2.905
-11.871535,5.870521,2.922
-11.821569,5.872767,2.939
-11.771594,5.874807,2.956
-11.721611,5.876648,2.972
-11.671621,5.878294,2.989
-11.621626,5.879751,3.000
-11.571625,5.881023,3.000
-11.521620,5.882116,3.000
-11.471612,5.883034,3.000
-11.421601,5.883784,3.000
-11.371588,5.884371,3.000
-11.321573,5.884801,3.000
-11.271557,5.885080,3.000
-11.221541,5.885212,3.000
-11.171524,5.885203,3.000
-11.121507,5.885060,3.000
-11.071491,5.884788,3.000
-11.021476,5.884393,3.000
-10.971462,5.883881,3.000
-10.921449,5.883257,3.000
-10.871438,5.882527,3.000
-10.821428,5.881698,3.000
-10.771420,5.880774,3.000
-10.721413,5.879763,3.000
-10.671409,5.878668,3.000
-10.621406,5.877497,3.000
-10.571404,5.876252,3.000
-10.521405,5.874939,3.000
-10.471407,5.873560,3.000
-10.421411,5.872119,3.000
-10.371417,5.870620,3.000
-10.321425,5.869067,3.000
-10.271434,5.867463,3.000
-10.221444,5.865813,3.000
-10.171456,5.864120,3.000
-10.121469,5.862387,3.000
-10.071484,5.860620,3.000
-10.021500,5.858822,3.000
-9.971516,5.856996,3.000
-9.921534,5.855147,3.000
-9.871552,5.853279,3.000
-9.821571,5.851395,3.000
-9.771590,5.849501,3.000
-9.721609,5.847599,3.000
-9.671629,5.845694,3.000
-9.621648,5.843790,3.000
-9.571668,5.841891,3.000
-9.521687,5.840000,3.000
-9.471705,5.838122,3.000
-9.421723,5.836258,3.000
-9.371741,5.834405,3.000
-9.321758,5.832565,3.000
-9.271775,5.830734,3.000
-9.221791,5.828914,3.000
-9.171807,5.827102,3.000
-9.121823,5.825298,3.000
-9.071839,5.823501,3.000
-9.021854,5.821711,3.000
-8.971869,5.819926,3.000
-8.921884,5.818145,3.000
-8.871899,5.816369,3.000
-8.821914,5.814595,3.000
-8.771929,5.812823,3.000
-8.721943,5.811052,3.000
-8.671958,5.809281,3.000
-8.621973,5.807510,3.000
-8.571987,5.805738,3.000
-8.522002,5.803963,3.000
-8.472017,5.802184,3.000
-8.422032,5.800402,3.000
-8.372047,5.798615,3.000
-8.322063,5.796822,3.000
-8.272078,5.795022,3.000
-8.222094,5.793215,3.000
-8.172111,5.791400,3.000
-8.122127,5.789575,3.000
-8.072144,5.787740,3.000
-8.022162,5.785894,3.000
-7.972179,5.784036,3.000
-7.922198,5.782166,3.000
-7.872217,5.780281,3.000
-7.822236,5.778383,3.000
-7.772256,5.776469,3.000
-7.722276,5.774539,3.000
-7.672298,5.772592,3.000
-7.622319,5.770627,3.000
-7.572342,5.768643,3.000
-7.522366,5.766640,3.000
-7.472390,5.764616,3.000
-7.422415,5.762570,3.000
-7.372441,5.760503,3.000
-7.322468,5.758412,3.000
-7.272496,5.756297,3.000
-7.222525,5.754158,3.000
-7.172555,5.751993,3.000
-7.122587,5.749801,3.000
-7.072619,5.747582,3.000
-7.022653,5.745334,3.000
-6.972688,5.743057,3.000
-6.922725,5.740751,3.000
-6.872763,5.738413,3.000
-6.822802,5.736044,3.000
-6.772843,5.733642,3.000
-6.722886,5.731206,3.000
-6.672930,5.728736,3.000
-6.622976,5.726231,3.000
-6.573024,5.723690,3.000
-6.523074,5.721112,3.000
-6.473125,5.718496,3.000
-6.423179,5.715842,3.000
-6.373235,5.713148,3.000
-6.323293,5.710414,3.000
-6.273354,5.707638,3.000
-6.223416,5.704820,3.000
-6.173481,5.701960,3.000
-6.123549,5.699055,3.000
-6.073619,5.696106,3.000
-6.023692,5.693112,3.000
-5.973768,5.690071,3.000
-5.923847,5.686983,3.000
-5.873929,5.683846,3.000
-5.824014,5.680661,3.000
-5.774102,5.677424,3.000
-5.724193,5.674131,3.000
-5.674289,5.670780,3.000
-5.624389,5.667367,3.000
-5.574493,5.663888,3.000
-5.524603,5.660339,2.993
-5.474717,5.656718,2.983
-5.424838,5.653020,2.974
-5.374964,5.649243,2.964
-5.325096,5.645383,2.955
-5.275235,5.641435,2.945
-5.225382,5.637398,2.936
-5.175536,5.633267,2.926
-5.125698,5.629039,2.917
-5.075869,5.624711,2.907
-5.026049,5.620278,2.897
-4.976239,5.615738,2.887
-4.926439,5.611087,2.878
-4.876650,5.606322,2.868
-4.826872,5.601439,2.858
-4.777107,5.596434,2.848
-4.727354,5.591305,2.838
-4.677614,5.586048,2.828
-4.627888,5.580660,2.818
-4.578178,5.575136,2.808
-4.528482,5.569474,2.798
-4.478803,5.563670,2.788
-4.429142,5.557721,2.778
-4.379498,5.551623,2.768
-4.329874,5.545373,2.758
-4.280269,5.538968,2.748
-4.230684,5.532404,2.737
-4.181122,5.525678,2.727
-4.131582,5.518787,2.717
-4.082067,5.511726,2.706
-4.032576,5.504493,2.696
-3.983111,5.497084,2.685
-3.933673,5.489497,2.675
-3.884263,5.481726,2.664
-3.834884,5.473771,2.654
-3.785534,5.465626,2.643
-3.736217,5.457288,2.633
-3.686934,5.448755,2.622
-3.637685,5.440023,2.611
-3.588473,5.431089,2.600
-3.539299,5.421949,2.589
-3.490164,5.412600,2.579
-3.441069,5.403039,2.568
-3.392017,5.393262,2.557
-3.343010,5.383266,2.546
-3.294048,5.373048,2.535
-3.245133,5.362605,2.523
-3.196268,5.351933,2.512
-3.147455,5.341029,2.501
-3.098694,5.329891,2.490
-3.049989,5.318514,2.478
-3.001340,5.306895,2.467
-2.952751,5.295031,2.456
-2.904222,5.282920,2.444
-2.855758,5.270558,2.433
-2.807358,5.257941,2.421
-2.759027,5.245067,2.409
-2.710766,5.231932,2.398
-2.662577,5.218533,2.386
-2.614464,5.204867,2.374
-2.566428,5.190931,2.362
-2.518472,5.176721,2.350
-2.470599,5.162236,2.338
-2.422811,5.147470,2.326
-2.375112,5.132422,2.314
-2.327504,5.117088,2.302
-2.279989,5.101465,2.290
-2.232572,5.085551,2.277
-2.185255,5.069341,2.265
-2.138041,5.052834,2.252
-2.090933,5.036025,2.240
-2.043935,5.018912,2.227
-1.997050,5.001492,2.215
-1.950281,4.983762,2.202
-1.903632,4.965719,2.189
-1.857107,4.947360,2.176
-1.810709,4.928681,2.163
-1.764442,4.909681,2.150
-1.718309,4.890355,2.137
-1.672316,4.870700,2.124
-1.626466,4.850715,2.111
-1.580763,4.830395,2.097
-1.535211,4.809738,2.084
-1.489815,4.788741,2.070
-1.444579,4.767401,2.057
-1.399508,4.745716,2.043
-1.354606,4.723682,2.029
-1.309878,4.701297,2.015
-1.265329,4.678559,2.001
-1.220963,4.655465,1.987
-1.176785,4.632013,1.973
-1.132800,4.608201,1.959
-1.089014,4.584026,1.944
-1.045431,4.559487,1.930
-1.002056,4.534581,1.915
-0.958895,4.509307,1.900
-0.915953,4.483662,1.885
-0.873235,4.457646,1.870
-0.830747,4.431255,1.855
-0.788495,4.404488,1.840
-0.746485,4.377344,1.825
-0.704723,4.349820,1.809
-0.663215,4.321914,1.794
-0.621969,4.293622,1.778
-0.580993,4.264940,1.762
-0.540293,4.235868,1.746
-0.499876,4.206403,1.730
-0.459753,4.176541,1.713
-0.419932,4.146275,1.697
-0.380424,4.115603,1.680
-0.341237,4.084523,1.663
-0.302380,4.053029,1.646
-0.263873,4.021109,1.629
-0.225758,3.988723,1.612
-0.188085,3.955822,1.594
-0.150874,3.922400,1.576
-0.114129,3.888467,1.559
-0.077889,3.853995,1.540
-0.042251,3.818901,1.522
-0.007244,3.783177,1.503
0.027109,3.746824,1.485
0.060787,3.709845,1.465
0.093734,3.672213,1.446
0.125868,3.633885,1.428
0.157094,3.594812,1.414
0.187288,3.554938,1.403
0.216417,3.514279,1.396
0.244579,3.472944,1.393
0.271772,3.430965,1.393
0.297985,3.388368,1.396
0.323137,3.345135,1.402
0.347180,3.301277,1.411
0.370252,3.256899,1.423
0.392405,3.212056,1.436
0.413663,3.166782,1.450
0.434029,3.121099,1.466
0.453467,3.075014,1.482
0.472033,3.028571,1.498
0.489790,2.981812,1.513
0.506749,2.934758,1.528
0.522916,2.887427,1.541
0.538298,2.839834,1.554
0.552898,2.791996,1.564
0.566719,2.743926,1.573
0.579758,2.695639,1.580
0.591955,2.647132,1.585
0.603373,2.598436,1.589
0.614009,2.549564,1.592
0.623861,2.500527,1.593
0.632923,2.451338,1.593
0.641189,2.402009,1.593
0.648655,2.352553,1.591
0.655312,2.302981,1.590
0.661144,2.253306,1.588
0.666082,2.203533,1.586
0.670188,2.153685,1.584
0.673457,2.103776,1.582
0.675882,2.053818,1.580
0.677460,2.003826,1.578
0.678188,1.953815,1.567
0.678067,1.903798,1.549
0.677068,1.853791,1.531
0.675164,1.803811,1.512
0.672419,1.753870,1.494
0.668836,1.703981,1.475
0.664422,1.654160,1.455
0.659181,1.604419,1.436
0.653117,1.554771,1.416
0.646234,1.505230,1.396
0.638519,1.455812,1.376
0.629943,1.406536,1.355
0.620541,1.357411,1.334
0.610306,1.308452,1.313
0.599220,1.259680,1.292
0.587207,1.211127,1.270
0.574170,1.162840,1.247
0.560043,1.114859,1.224
0.544682,1.067260,1.201
0.528071,1.020082,1.178
0.510148,0.973387,1.153
0.490923,0.927213,1.129
0.470185,0.881698,1.104
0.447905,0.836918,1.083
0.423819,0.793083,1.066
0.397824,0.750352,1.052
0.370126,0.708705,1.042
0.340243,0.668596,1.036
0.308586,0.629873,1.034
0.275000,0.592810,1.036
0.239760,0.557317,1.042
0.202758,0.523664,1.052
0.164382,0.491587,1.065
0.124820,0.460984,1.081
0.084025,0.432045,1.102
0.042278,0.404498,1.125
-0.000384,0.378390,1.151
-0.043821,0.353594,1.180
-0.087951,0.330051,1.211
-0.132751,0.307812,1.243
-0.178100,0.286712,1.277
-0.223897,0.266607,1.312
-0.270101,0.247451,1.347
-0.316689,0.229254,1.382
-0.363642,0.212015,1.417
-0.410900,0.195635,1.450
-0.458441,0.180093,1.482
-0.506242,0.165373,1.512
-0.554289,0.151475,1.541
-0.602580,0.138448,1.568
-0.651073,0.126197,1.594
-0.699752,0.114706,1.619
-0.748599,0.103955,1.642
-0.797601,0.093931,1.664
-0.846748,0.084642,1.685
-0.896033,0.076116,1.705
-0.945431,0.068278,1.725
-0.994932,0.061116,1.744
-1.044525,0.054619,1.763
-1.094200,0.048776,1.782
-1.143945,0.043577,1.801
-1.193757,0.039057,1.820
-1.243624,0.035179,1.838
-1.293533,0.031911,1.857
-1.343479,0.029239,1.876
-1.393452,0.027155,1.896
-1.443446,0.025648,1.915
-1.493454,0.024706,1.935
-1.543469,0.024344,1.955
-1.593485,0.024557,1.976
-1.643497,0.025301,1.997
-1.693497,0.026567,2.019
-1.743483,0.028342,2.042
-1.793447,0.030617,2.065
-1.843388,0.033381,2.088
-1.893299,0.036622,2.112
-1.943178,0.040339,2.135
-1.993018,0.044542,2.158
-2.042818,0.049189,2.180
-2.092576,0.054266,2.203
-2.142290,0.059765,2.225
-2.191956,0.065674,2.247
-2.241573,0.071983,2.269
-2.291140,0.078682,2.291
-2.340653,0.085760,2.312
-2.390112,0.093208,2.333
-2.439515,0.101016,2.354
-2.488859,0.109195,2.375
-2.538144,0.117719,2.396
-2.587371,0.126573,2.416
-2.636538,0.135750,2.436
-2.685646,0.145241,2.457
-2.734694,0.155040,2.476
-2.783680,0.165138,2.496
-2.832607,0.175525,2.516
-2.881472,0.186194,2.535
-2.930277,0.197136,2.555
-2.979022,0.208344,2.574
-3.027707,0.219811,2.593
-3.076332,0.231528,2.612
-3.124897,0.243489,2.631
-3.173404,0.255686,2.649
-3.221850,0.268123,2.668
-3.270238,0.280780,2.686
-3.318571,0.293651,2.705
-3.366847,0.306729,2.723
-3.415069,0.320008,2.741
-3.463237,0.333480,2.759
-3.511352,0.347140,2.776
-3.559416,0.360980,2.794
-3.607430,0.374994,2.812
-3.655394,0.389175,2.829
-3.703310,0.403518,2.846
-3.751179,0.418016,2.864
-3.799003,0.432662,2.881
-3.846784,0.447452,2.898
-3.894521,0.462378,2.915
-3.942218,0.477434,2.932
-3.989875,0.492616,2.948
-4.037494,0.507916,2.965
-4.085076,0.523330,2.982
-4.132624,0.538851,2.998
-4.180138,0.554474,3.000
-4.227620,0.570193,3.000
-4.275073,0.586003,3.000
-4.322497,0.601897,3.000
-4.369894,0.617872,3.000
-4.417266,0.633922,3.000
-4.464614,0.650041,3.000
-4.511940,0.666225,3.000
-4.559246,0.682467,3.000
-4.606533,0.698763,3.000
-4.653804,0.715108,3.000
-4.701060,0.731496,3.000
-4.748302,0.747924,3.000
-4.795532,0.764385,3.000
-4.842752,0.780875,3.000
-4.889964,0.797390,3.000
-4.937168,0.813924,3.000
-4.984368,0.830473,3.000
-5.031564,0.847032,3.000
-5.078759,0.863596,3.000
-5.125953,0.880160,3.000
-5.173149,0.896720,3.000
-5.220348,0.913270,3.000
-5.267552,0.929807,3.000
-5.314762,0.946325,3.000
-5.361981,0.962820,3.000
-5.409209,0.979286,3.000
-5.456449,0.995720,3.000
-5.503702,1.012116,3.000
-5.550969,1.028470,3.000
-5.598253,1.044778,3.000
-5.645554,1.061035,3.000
-5.692874,1.077237,3.000
-5.740214,1.093379,3.000
-5.787576,1.109456,3.000
-5.834962,1.125463,3.000
-5.882373,1.141397,3.000
-5.929810,1.157252,3.000
-5.977275,1.173024,3.000
-6.024769,1.188709,3.000
-6.072293,1.204301,3.000
-6.119849,1.219796,3.000
-6.167438,1.235189,3.000
-6.215062,1.250476,3.000
-6.262721,1.265652,3.000
-6.310416,1.280711,3.000
-6.358150,1.295651,3.000
-6.405923,1.310464,3.000
-6.453736,1.325147,3.000
-6.501590,1.339693,3.000
-6.549487,1.354100,3.000
-6.597428,1.368360,3.000
-6.645413,1.382471,3.000
-6.693444,1.396426,3.000
-6.741521,1.410220,3.000
-6.789645,1.423849,3.000
-6.837817,1.437307,2.997
-6.886038,1.450589,2.987
-6.934308,1.463691,2.978
-6.982628,1.476606,2.968
-7.030999,1.489330,2.959
-7.079422,1.501857,2.949
-7.127897,1.514181,2.940
-7.176423,1.526298,2.930
-7.225003,1.538202,2.920
-7.273636,1.549887,2.911
-7.322321,1.561348,2.901
-7.371061,1.572579,2.891
-7.419854,1.583575,2.882
-7.468701,1.594331,2.872
-7.517601,1.604839,2.862
-7.566555,1.615095,2.852
-7.615562,1.625094,2.842
-7.664622,1.634829,2.832
-7.713735,1.644296,2.822
-7.762898,1.653495,2.812
-7.812111,1.662424,2.802
-7.861373,1.671083,2.793
-7.910681,1.679472,2.785
-7.960035,1.687589,2.779
-8.009432,1.695433,2.773
-8.058873,1.703005,2.768
-8.108354,1.710304,2.764
-8.157875,1.717328,2.760
-8.207434,1.724078,2.756
-8.257030,1.730552,2.753
-8.306661,1.736750,2.750
-8.356326,1.742671,2.747
-8.406024,1.748314,2.745
-8.455752,1.753679,2.742
-8.505509,1.758765,2.739
-8.555294,1.763571,2.736
-8.605106,1.768097,2.733
-8.654942,1.772341,2.730
-8.704802,1.776304,2.728
-8.754683,1.779983,2.725
-8.804584,1.783380,2.722
-8.854504,1.786492,2.718
-8.904441,1.789319,2.715
-8.954393,1.791860,2.712
-9.004359,1.794115,2.709
-9.054337,1.796083,2.706
-9.104325,1.797763,2.702
-9.154323,1.799154,2.699
-9.204327,1.800257,2.696
-9.254337,1.801069,2.692
-9.304351,1.801590,2.689
-9.354367,1.801819,2.685
-9.404384,1.801756,2.682
-9.454399,1.801400,2.679
-9.504412,1.800750,2.676
-9.554420,1.799805,2.673
-9.604421,1.798564,2.671
-9.654414,1.797027,2.670
-9.704397,1.795192,2.670
-9.754368,1.793059,2.671
-9.804326,1.790626,2.673
-9.854268,1.787894,2.678
-9.904192,1.784859,2.684
-9.954098,1.781523,2.693
-10.003982,1.777884,2.704
-10.053843,1.773940,2.719
-10.103679,1.769691,2.737
-10.153488,1.765142,2.753
-10.203270,1.760300,2.743
-10.253023,1.755175,2.733
-10.302748,1.749775,2.722
-10.352442,1.744108,2.712
-10.402107,1.738182,2.702
-10.451741,1.732007,2.691
-10.501344,1.725591,2.681
-10.550917,1.718942,2.670
-10.600459,1.712069,2.660
-10.649971,1.704980,2.649
-10.699453,1.697683,2.638
-10.748904,1.690186,2.628
-10.798327,1.682498,2.617
-10.847720,1.674629,2.606
-10.897086,1.666587,2.595
-10.946425,1.658379,2.585
-10.995737,1.650015,2.574
-11.045024,1.641502,2.563
-11.094287,1.632851,2.552
-11.143527,1.624067,2.541
-11.192744,1.615160,2.530
-11.241940,1.606139,2.518
-11.291118,1.597015,2.507
-11.340277,1.587795,2.496
-11.389420,1.578488,2.485
-11.438549,1.569101,2.473
-11.487663,1.559644,2.462
-11.536766,1.550127,2.450
-11.585859,1.540558,2.439
-11.634943,1.530946,2.427
-11.684021,1.521302,2.416
-11.733095,1.511634,2.404
-11.782165,1.501948,2.392
-11.831231,1.492247,2.381
-11.880297,1.482539,2.369
-11.929364,1.472837,2.357
-11.978433,1.463146,2.345
-12.027506,1.453476,2.333
-12.076584,1.443836,2.321
-12.125671,1.434235,2.309
-12.174767,1.424684,2.296
-12.223876,1.415195,2.284
-12.272999,1.405781,2.272
-12.322138,1.396455,2.259
-12.371297,1.387231,2.247
-12.420477,1.378121,2.234
-12.469681,1.369139,2.222
-12.518910,1.360300,2.209
-12.568167,1.351617,2.196
-12.617454,1.343105,2.183
-12.666773,1.334778,2.170
-12.716125,1.326652,2.157
-12.765513,1.318742,2.144
-12.814937,1.311065,2.131
-12.864399,1.303639,2.118
-12.913901,1.296481,2.105
-12.963443,1.289611,2.091
-13.013028,1.283050,2.078
-13.062656,1.276824,2.064
-13.112327,1.270956,2.050
-13.162042,1.265471,2.037
-13.211801,1.260396,2.023
-13.261602,1.255759,2.009
-13.311444,1.251589,1.995
-13.361326,1.247911,1.981
-13.411242,1.244751,1.966
-13.461191,1.242143,1.952
-13.511167,1.240124,1.937
-13.561163,1.238693,1.923
-13.611173,1.237851,1.908
-13.661189,1.237609,1.893
-13.711204,1.237975,1.878
-13.761211,1.238967,1.863
-13.811202,1.240589,1.850
-13.861168,1.242831,1.838
-13.911101,1.245729,1.827
-13.960993,1.249256,1.817
-14.010836,1.253416,1.808
-14.060623,1.258211,1.798
-14.110343,1.263646,1.789
-14.159989,1.269726,1.779
-14.209551,1.276457,1.770
-14.259019,1.283845,1.759
-14.308383,1.291898,1.749
-14.357633,1.300623,1.738
-14.406758,1.310024,1.727
-14.455747,1.320109,1.712
-14.504589,1.330886,1.696
-14.553271,1.342362,1.679
-14.601781,1.354546,1.662
-14.650106,1.367446,1.645
-14.698231,1.381070,1.628
-14.746143,1.395428,1.611
-14.793826,1.410527,1.593
-14.841257,1.426402,1.575
-14.888423,1.443047,1.557
-14.935311,1.460459,1.539
-14.981903,1.478647,1.521
-15.028182,1.497619,1.502
-15.074128,1.517383,1.483
-15.119720,1.537951,1.464
-15.164938,1.559330,1.445
-15.209760,1.581524,1.425
-15.254166,1.604541,1.405
-15.298132,1.628387,1.385
-15.341634,1.653071,1.365
-15.384644,1.678602,1.344
-15.427135,1.704987,1.323
-15.469076,1.732238,1.302
-15.510434,1.760366,1.280
-15.551152,1.789412,1.258
-15.591165,1.819423,1.235
-15.630453,1.850377,1.212
-15.668966,1.882289,1.189
-15.706637,1.915191,1.165
-15.743372,1.949135,1.141
-15.779038,1.984201,1.120
-15.813522,2.020429,1.102
-15.846608,2.057940,1.088
-15.877979,2.096895,1.078
-15.907594,2.137201,1.072
-15.935251,2.178876,1.070
-15.960692,2.221939,1.072
-15.983919,2.266235,1.078
-16.005196,2.311500,1.089
-16.024707,2.357554,1.102
-16.042557,2.404277,1.119
-16.058846,2.451567,1.139
-16.073665,2.499338,1.161
-16.087172,2.547497,1.184
-16.099386,2.595999,1.208
-16.110362,2.644797,1.233
-16.120152,2.693846,1.256
-16.128783,2.743112,1.279
-16.136275,2.792565,1.299
-16.142644,2.842174,1.318
-16.147905,2.891913,1.334
-16.152071,2.941756,1.349
-16.155148,2.991678,1.360
-16.157138,3.041655,1.370
-16.158053,3.091664,1.378
-16.157879,3.141680,1.384
-16.156617,3.191681,1.388
-16.154298,3.241644,1.391
-16.150923,3.291546,1.392
-16.146495,3.341367,1.392
-16.141015,3.391082,1.391
-16.134484,3.440671,1.388
-16.126901,3.490109,1.384
-16.118267,3.539375,1.379
-16.108577,3.588444,1.373
-16.097826,3.637292,1.365
-16.086012,3.685893,1.356
-16.073135,3.734224,1.346
-16.059190,3.782257,1.335
-16.044171,3.829966,1.324
-16.028068,3.877319,1.312
-16.010868,3.924285,1.301
-15.992543,3.970824,1.290
-15.972996,4.016863,1.280
-15.952275,4.062386,1.271
-15.930370,4.107351,1.265
-15.907225,4.151690,1.260
-15.882801,4.195338,1.258
-15.857111,4.238253,1.260
-15.830117,4.280360,1.264
-15.801800,4.321589,1.271
-15.772263,4.361952,1.283
-15.741392,4.401305,1.297
-15.709385,4.439740,1.316
-15.676410,4.477348,1.337
-15.642531,4.514143,1.362
-15.607825,4.550159,1.390
-15.572385,4.585453,1.420
-15.536274,4.620060,1.452
-15.499541,4.654006,1.486
-15.462228,4.687315,1.518
-15.424371,4.720003,1.550
-15.386000,4.752086,1.582
-15.347145,4.783581,1.613
-15.307830,4.814501,1.643
-15.268079,4.844858,1.673
-15.227911,4.874660,1.702
-15.187342,4.903915,1.731
-15.146390,4.932631,1.759
-15.105070,4.960815,1.787
-15.063396,4.988473,1.812
-15.021382,5.015610,1.833
-14.979039,5.042233,1.853
-14.936381,5.068347,1.872
-14.893418,5.093956,1.889
-14.850161,5.119066,1.906
-14.806620,5.143680,1.922
-14.762806,5.167805,1.938
-14.718727,5.191442,1.953
-14.674393,5.214598,1.968
-14.629813,5.237275,1.982
-14.584994,5.259477,1.996
