# x,y  (hand-placed around the island on cartographer_map_20260817_003202, clockwise like team CSV)
-13.500,5.200
-13.400,5.203
-13.300,5.206
-13.200,5.209
-13.100,5.211
-13.000,5.214
-12.900,5.217
-12.800,5.220
-12.700,5.223
-12.600,5.226
-12.500,5.229
-12.400,5.231
-12.300,5.234
-12.200,5.237
-12.100,5.240
-12.000,5.243
-11.900,5.246
-11.800,5.249
-11.700,5.251
-11.600,5.254
-11.500,5.257
-11.400,5.260
-11.300,5.263
-11.200,5.266
-11.100,5.269
-11.000,5.271
-10.900,5.274
-10.800,5.277
-10.700,5.280
-10.600,5.283
-10.500,5.286
-10.400,5.289
-10.300,5.291
-10.200,5.294
-10.100,5.297
-10.000,5.300
-9.900,5.283
-9.800,5.267
-9.700,5.250
-9.600,5.233
-9.500,5.217
-9.400,5.200
-9.300,5.183
-9.200,5.167
-9.100,5.150
-9.000,5.133
-8.900,5.117
-8.800,5.100
-8.700,5.083
-8.600,5.067
-8.500,5.050
-8.400,5.033
-8.300,5.017
-8.200,5.000
-8.100,4.983
-8.000,4.967
-7.900,4.950
-7.800,4.933
-7.700,4.917
-7.600,4.900
-7.500,4.883
-7.400,4.867
-7.300,4.850
-7.200,4.833
-7.100,4.817
-7.000,4.800
-6.903,4.771
-6.806,4.742
-6.710,4.713
-6.613,4.684
-6.516,4.655
-6.419,4.626
-6.323,4.597
-6.226,4.568
-6.129,4.539
-6.032,4.510
-5.935,4.481
-5.839,4.452
-5.742,4.423
-5.645,4.394
-5.548,4.365
-5.452,4.335
-5.355,4.306
-5.258,4.277
-5.161,4.248
-5.065,4.219
-4.968,4.190
-4.871,4.161
-4.774,4.132
-4.677,4.103
-4.581,4.074
-4.484,4.045
-4.387,4.016
-4.290,3.987
-4.194,3.958
-4.097,3.929
-4.000,3.900
-3.900,3.883
-3.800,3.867
-3.700,3.850
-3.600,3.833
-3.500,3.817
-3.400,3.800
-3.300,3.783
-3.200,3.767
-3.100,3.750
-3.000,3.733
-2.900,3.717
-2.800,3.700
-2.700,3.683
-2.600,3.667
-2.500,3.650
-2.400,3.633
-2.300,3.617
-2.200,3.600
-2.100,3.583
-2.000,3.567
-1.900,3.550
-1.800,3.533
-1.700,3.517
-1.600,3.500
-1.500,3.483
-1.400,3.467
-1.300,3.450
-1.200,3.433
-1.100,3.417
-1.000,3.400
-0.900,3.400
-0.800,3.400
-0.700,3.400
-0.600,3.400
-0.500,3.400
-0.400,3.400
-0.300,3.400
-0.200,3.400
-0.100,3.400
0.000,3.400
0.100,3.400
0.200,3.400
0.300,3.400
0.400,3.400
0.500,3.400
0.600,3.400
0.700,3.400
0.800,3.400
0.900,3.400
1.000,3.400
1.100,3.400
1.200,3.400
1.300,3.400
1.400,3.400
1.500,3.400
1.587,3.348
1.674,3.296
1.761,3.243
1.848,3.191
1.935,3.139
2.022,3.087
2.109,3.035
2.196,2.983
2.283,2.930
2.370,2.878
2.457,2.826
2.543,2.774
2.630,2.722
2.717,2.670
2.804,2.617
2.891,2.565
2.978,2.513
3.065,2.461
3.152,2.409
3.239,2.357
3.326,2.304
3.413,2.252
3.500,2.200
3.444,2.111
3.389,2.022
3.333,1.933
3.278,1.844
3.222,1.756
3.167,1.667
3.111,1.578
3.056,1.489
3.000,1.400
2.944,1.311
2.889,1.222
2.833,1.133
2.778,1.044
2.722,0.956
2.667,0.867
2.611,0.778
2.556,0.689
2.500,0.600
2.400,0.584
2.300,0.568
2.200,0.552
2.100,0.536
2.000,0.520
1.900,0.504
1.800,0.488
1.700,0.472
1.600,0.456
1.500,0.440
1.400,0.424
1.300,0.408
1.200,0.392
1.100,0.376
1.000,0.360
0.900,0.344
0.800,0.328
0.700,0.312
0.600,0.296
0.500,0.280
0.400,0.264
0.300,0.248
0.200,0.232
0.100,0.216
0.000,0.200
-0.100,0.195
-0.200,0.190
-0.300,0.185
-0.400,0.180
-0.500,0.175
-0.600,0.170
-0.700,0.165
-0.800,0.160
-0.900,0.155
-1.000,0.150
-1.100,0.145
-1.200,0.140
-1.300,0.135
-1.400,0.130
-1.500,0.125
-1.600,0.120
-1.700,0.115
-1.800,0.110
-1.900,0.105
-2.000,0.100
-2.100,0.095
-2.200,0.090
-2.300,0.085
-2.400,0.080
-2.500,0.075
-2.600,0.070
-2.700,0.065
-2.800,0.060
-2.900,0.055
-3.000,0.050
-3.100,0.045
-3.200,0.040
-3.300,0.035
-3.400,0.030
-3.500,0.025
-3.600,0.020
-3.700,0.015
-3.800,0.010
-3.900,0.005
-4.000,0.000
-4.100,-0.003
-4.200,-0.005
-4.300,-0.008
-4.400,-0.010
-4.500,-0.013
-4.600,-0.015
-4.700,-0.018
-4.800,-0.020
-4.900,-0.023
-5.000,-0.025
-5.100,-0.028
-5.200,-0.030
-5.300,-0.033
-5.400,-0.035
-5.500,-0.038
-5.600,-0.040
-5.700,-0.043
-5.800,-0.045
-5.900,-0.048
-6.000,-0.050
-6.100,-0.053
-6.200,-0.055
-6.300,-0.058
-6.400,-0.060
-6.500,-0.062
-6.600,-0.065
-6.700,-0.068
-6.800,-0.070
-6.900,-0.073
-7.000,-0.075
-7.100,-0.078
-7.200,-0.080
-7.300,-0.083
-7.400,-0.085
-7.500,-0.088
-7.600,-0.090
-7.700,-0.093
-7.800,-0.095
-7.900,-0.098
-8.000,-0.100
-8.100,-0.098
-8.200,-0.095
-8.300,-0.092
-8.400,-0.090
-8.500,-0.088
-8.600,-0.085
-8.700,-0.083
-8.800,-0.080
-8.900,-0.077
-9.000,-0.075
-9.100,-0.073
-9.200,-0.070
-9.300,-0.068
-9.400,-0.065
-9.500,-0.062
-9.600,-0.060
-9.700,-0.057
-9.800,-0.055
-9.900,-0.052
-10.000,-0.050
-10.100,-0.048
-10.200,-0.045
-10.300,-0.042
-10.400,-0.040
-10.500,-0.038
-10.600,-0.035
-10.700,-0.033
-10.800,-0.030
-10.900,-0.027
-11.000,-0.025
-11.100,-0.022
-11.200,-0.020
-11.300,-0.017
-11.400,-0.015
-11.500,-0.012
-11.600,-0.010
-11.700,-0.007
-11.800,-0.005
-11.900,-0.002
-12.000,0.000
-12.092,0.040
-12.184,0.080
-12.276,0.120
-12.368,0.160
-12.460,0.200
-12.552,0.240
-12.644,0.280
-12.736,0.320
-12.828,0.360
-12.920,0.400
-13.012,0.440
-13.104,0.480
-13.196,0.520
-13.288,0.560
-13.380,0.600
-13.472,0.640
-13.564,0.680
-13.656,0.720
-13.748,0.760
-13.840,0.800
-13.932,0.840
-14.024,0.880
-14.116,0.920
-14.208,0.960
-14.300,1.000
-14.319,1.100
-14.338,1.200
-14.356,1.300
-14.375,1.400
-14.394,1.500
-14.412,1.600
-14.431,1.700
-14.450,1.800
-14.469,1.900
-14.488,2.000
-14.506,2.100
-14.525,2.200
-14.544,2.300
-14.562,2.400
-14.581,2.500
-14.600,2.600
-14.575,2.700
-14.550,2.800
-14.525,2.900
-14.500,3.000
-14.475,3.100
-14.450,3.200
-14.425,3.300
-14.400,3.400
-14.375,3.500
-14.350,3.600
-14.325,3.700
-14.300,3.800
-14.275,3.900
-14.250,4.000
-14.225,4.100
-14.200,4.200
-14.142,4.283
-14.083,4.367
-14.025,4.450
-13.967,4.533
-13.908,4.617
-13.850,4.700
-13.792,4.783
-13.733,4.867
-13.675,4.950
-13.617,5.033
-13.558,5.117
